﻿pos_x,pos_y,rotation,side,designator,mpn,pack,footprint,value,mount_type
97.8,-39.0,180.0,top,BT1,,,BatteryHolder_Bulgin_BX0036_1xC,Battery_Cell,tht
137.445,-65.0,90.0,top,DS1,,,OLED-128O064D,OLED-128O064D,smt
128.0,-88.0,90.0,top,J1,,,Pin_D1.0mm_L10.0mm,Conn_01x10_Pin 5V,tht
112.0,-53.0,90.0,top,J11,,,PinHeader_1x03_P1.00mm_Vertical,Conn_01x03_Pin Water Flow,tht
112.5,-57.0,90.0,top,J12,,,PinHeader_1x03_P1.00mm_Vertical,01x03 Flame,tht
112.5,-62.0,90.0,top,J13,,,PinHeader_1x03_P1.00mm_Vertical,Conn_01x03_Pin,tht
112.5,-66.5,90.0,top,J14,,,PinHeader_1x03_P1.00mm_Vertical,Conn_01x03_Pin Sound,tht
118.0,-53.0,90.0,top,J15,,,PinHeader_1x03_P1.00mm_Vertical,Conn_01x04_Pin Rain,tht
124.5,-57.45,0.0,top,J16,,,PinHeader_1x04_P1.00mm_Vertical,Conn_01x04_Pin Soil Humidity,tht
120.5,-66.5,90.0,top,J17,,,PinHeader_1x02_P1.00mm_Vertical,Conn_01x02_Pin,tht
128.5,-77.0,180.0,top,J2,,,Pin_D1.0mm_L10.0mm,Conn_01x10_Pin 3.3V,tht
128.0,-82.0,90.0,top,J3,,,Pin_D1.0mm_L10.0mm,Conn_01x10_Pin GND,tht
136.7975,-50.6275,90.0,top,K1,,,Relay_SPDT_Fujitsu_FTR-LYCA005x_FormC_Vertical,Fujitsu_FTR-LYCA005x,tht
80.5,-88.0,0.0,top,MK1,,,InvenSense_ICS-43434-6_3.5x2.65mm,ICS-43434,smt
44.9,-82.0,90.0,top,U1,,,ESP32-S3-DevKitC,ESP32-S3-DevKitC,tht
69.975,-87.975,0.0,top,U2,,,Bosch_LGA-8_2.5x2.5mm_P0.65mm_ClockwisePinNumbering,BME280 - Pressure Humidity Sensor,smt
112.7875,-82.9025,90.0,top,U3,,,Aosong_DHT11_5.5x12.0_P2.54mm,DHT11 Temp Sensor,tht
64.2,-87.55,0.0,top,U5,,,SOT-23W,A1101ELHL Hall Effect,smt
89.475,-87.635,0.0,top,U6,,,SOIC-8-1EP_3.9x4.9mm_P1.27mm_EP2.41x3.3mm_ThermalVias,TP4056-42-ESOP8 - Battery Recharger,smt
102.0,-90.5,0.0,top,U7,,,SOIC-16W_7.5x10.3mm_P1.27mm,DS3231M - RTC,smt
119.7625,-73.6325,-90.0,top,U8,,,Converter_DCDC_Murata_CRE1xxxxxx3C_THT,CRE1S0305S3C,tht
107.5,-29.0,0.0,top,VoltageSensorU6,,,LEM_LV25-P,LV25-P,tht
