﻿Designator,Quantity,Value,Footprint,Package,MPN,DNP,Mount_Type,Description
BT1,1,Battery_Cell,BatteryHolder_Bulgin_BX0036_1xC,,,,tht,Single-cell battery
DS1,1,OLED-128O064D,OLED-128O064D,,,,smt,OLED display 128x64
J1,1,Conn_01x10_Pin 5V,Pin_D1.0mm_L10.0mm,,,,tht,"Generic connector, single row, 01x10, script generated"
J11,1,Conn_01x03_Pin Water Flow,PinHeader_1x03_P1.00mm_Vertical,,,,tht,"Generic connector, single row, 01x03, script generated"
J12,1,01x03 Flame,PinHeader_1x03_P1.00mm_Vertical,,,,tht,"Generic connector, single row, 01x03, script generated"
J13,1,Conn_01x03_Pin,PinHeader_1x03_P1.00mm_Vertical,,,,tht,"Generic connector, single row, 01x03, script generated"
J14,1,Conn_01x03_Pin Sound,PinHeader_1x03_P1.00mm_Vertical,,,,tht,"Generic connector, single row, 01x03, script generated"
J15,1,Conn_01x04_Pin Rain,PinHeader_1x03_P1.00mm_Vertical,,,,tht,"Generic connector, single row, 01x04, script generated"
J16,1,Conn_01x04_Pin Soil Humidity,PinHeader_1x04_P1.00mm_Vertical,,,,tht,"Generic connector, single row, 01x04, script generated"
J17,1,Conn_01x02_Pin,PinHeader_1x02_P1.00mm_Vertical,,,,tht,"Generic connector, single row, 01x02, script generated"
J2,1,Conn_01x10_Pin 3.3V,Pin_D1.0mm_L10.0mm,,,,tht,"Generic connector, single row, 01x10, script generated"
J3,1,Conn_01x10_Pin GND,Pin_D1.0mm_L10.0mm,,,,tht,"Generic connector, single row, 01x10, script generated"
K1,1,Fujitsu_FTR-LYCA005x,Relay_SPDT_Fujitsu_FTR-LYCA005x_FormC_Vertical,,,,tht,"Relay, SPDT Form C, vertical mount, 5-60V coil, 6A, 250VAC, 28 x 5 x 15mm"
MK1,1,ICS-43434,InvenSense_ICS-43434-6_3.5x2.65mm,,,,smt,"TDK InvenSense MEMS Microphone, 24-bit I2S, 65 dBA SNR, LGA-6"
U1,1,ESP32-S3-DevKitC,ESP32-S3-DevKitC,,,,tht,ESP32-S3-DevKitC
U2,1,BME280 - Pressure Humidity Sensor,Bosch_LGA-8_2.5x2.5mm_P0.65mm_ClockwisePinNumbering,,,,smt,"3-in-1 sensor, humidity, pressure, temperature, I2C and SPI interface, 1.71-3.6V, LGA-8"
U3,1,DHT11 Temp Sensor,Aosong_DHT11_5.5x12.0_P2.54mm,,,,tht,"3.3V to 5.5V, temperature and humidity module, DHT11"
U5,1,A1101ELHL Hall Effect,SOT-23W,,,,smt,"Hall effect switch, unipolar, Bop=100G, Brp=45G, -40C to +85C, SOT-23W"
U6,1,TP4056-42-ESOP8 - Battery Recharger,SOIC-8-1EP_3.9x4.9mm_P1.27mm_EP2.41x3.3mm_ThermalVias,,,,smt,"1A Standalone Linear Li-ion/LiPo single-cell battery charger, 4.2V ±1% charge voltage, VCC = 4.0..8.0V, SOIC-8 (SOP-8)"
U7,1,DS3231M - RTC,SOIC-16W_7.5x10.3mm_P1.27mm,,,,smt,Extremely Accurate I2C-Integrated RTC/TCXO/Crystal SOIC-16
U8,1,CRE1S0305S3C,Converter_DCDC_Murata_CRE1xxxxxx3C_THT,,,,tht,"3.3V to 5V 200mA, Isolated 2W Single-Output DC-DC Converter Modules with 3kV isolation, SIP-4"
VoltageSensorU6,1,LV25-P,LEM_LV25-P,,,,tht,LEM Voltage transducer LV 25-P
